category_id,name,note,source_id,source_locator
CAT01,家电,维度值为依公司公开资料整理，非来源原文；精确信息以公司官网为准,S1,产品分类（整理，非 S1 原文）
CAT02,3C数码,维度值为依公司公开资料整理，非来源原文；精确信息以公司官网为准,S1,产品分类（整理，非 S1 原文）
CAT03,食品饮料,维度值为依公司公开资料整理，非来源原文；精确信息以公司官网为准,S1,产品分类（整理，非 S1 原文）
CAT04,零食,维度值为依公司公开资料整理，非来源原文；精确信息以公司官网为准,S1,产品分类（整理，非 S1 原文）
CAT05,乳制品,维度值为依公司公开资料整理，非来源原文；精确信息以公司官网为准,S1,产品分类（整理，非 S1 原文）
CAT06,咖啡,维度值为依公司公开资料整理，非来源原文；精确信息以公司官网为准,S1,产品分类（整理，非 S1 原文）
CAT07,餐饮,维度值为依公司公开资料整理，非来源原文；精确信息以公司官网为准,S1,产品分类（整理，非 S1 原文）
CAT08,美妆,维度值为依公司公开资料整理，非来源原文；精确信息以公司官网为准,S1,产品分类（整理，非 S1 原文）
CAT09,日化,维度值为依公司公开资料整理，非来源原文；精确信息以公司官网为准,S1,产品分类（整理，非 S1 原文）
CAT10,服饰,维度值为依公司公开资料整理，非来源原文；精确信息以公司官网为准,S1,产品分类（整理，非 S1 原文）
CAT11,家居,维度值为依公司公开资料整理，非来源原文；精确信息以公司官网为准,S1,产品分类（整理，非 S1 原文）
CAT12,母婴,维度值为依公司公开资料整理，非来源原文；精确信息以公司官网为准,S1,产品分类（整理，非 S1 原文）
CAT13,金融,维度值为依公司公开资料整理，非来源原文；精确信息以公司官网为准,S1,产品分类（整理，非 S1 原文）
CAT14,医药,维度值为依公司公开资料整理，非来源原文；精确信息以公司官网为准,S1,产品分类（整理，非 S1 原文）
CAT15,汽车,维度值为依公司公开资料整理，非来源原文；精确信息以公司官网为准,S1,产品分类（整理，非 S1 原文）
CAT16,手机,维度值为依公司公开资料整理，非来源原文；精确信息以公司官网为准,S1,产品分类（整理，非 S1 原文）
CAT17,无人机与影像,维度值为依公司公开资料整理，非来源原文；精确信息以公司官网为准,S1,产品分类（整理，非 S1 原文）
CAT18,软件与互联网服务,维度值为依公司公开资料整理，非来源原文；精确信息以公司官网为准,S1,产品分类（整理，非 S1 原文）
CAT19,游戏,维度值为依公司公开资料整理，非来源原文；精确信息以公司官网为准,S1,产品分类（整理，非 S1 原文）
CAT20,茶饮,维度值为依公司公开资料整理，非来源原文；精确信息以公司官网为准,S1,产品分类（整理，非 S1 原文）
CAT21,商超零售,维度值为依公司公开资料整理，非来源原文；精确信息以公司官网为准,S1,产品分类（整理，非 S1 原文）
CAT22,饮料冲调,维度值为依公司公开资料整理，非来源原文；精确信息以公司官网为准,S1,产品分类（整理，非 S1 原文）
CAT23,调味品,维度值为依公司公开资料整理，非来源原文；精确信息以公司官网为准,S1,产品分类（整理，非 S1 原文）
CAT24,半导体,维度值为依公司公开资料整理，非来源原文；精确信息以公司官网为准,S1,产品分类（整理，非 S1 原文）
CAT25,显示面板,维度值为依公司公开资料整理，非来源原文；精确信息以公司官网为准,S1,产品分类（整理，非 S1 原文）
CAT26,媒体营销服务,维度值为依公司公开资料整理，非来源原文；精确信息以公司官网为准,S1,产品分类（整理，非 S1 原文）
CAT27,宠物用品,维度值为依公司公开资料整理，非来源原文；精确信息以公司官网为准,S1,产品分类（整理，非 S1 原文）
CAT28,保健滋补,维度值为依公司公开资料整理，非来源原文；精确信息以公司官网为准,S1,产品分类（整理，非 S1 原文）
CAT29,纸品,维度值为依公司公开资料整理，非来源原文；精确信息以公司官网为准,S1,产品分类（整理，非 S1 原文）
