city_id,name,province,note,source_id,source_locator
CITY01,许昌,河南,维度值为依公司公开资料整理，非来源原文；精确信息以公司官网为准,S1,城市列（整理，非 S1 原文）
CITY02,新乡,河南,维度值为依公司公开资料整理，非来源原文；精确信息以公司官网为准,S1,城市列（整理，非 S1 原文）
CITY03,佛山,广东,维度值为依公司公开资料整理，非来源原文；精确信息以公司官网为准,S1,城市列（整理，非 S1 原文）
CITY04,深圳,广东,维度值为依公司公开资料整理，非来源原文；精确信息以公司官网为准,S1,城市列（整理，非 S1 原文）
CITY05,青岛,山东,维度值为依公司公开资料整理，非来源原文；精确信息以公司官网为准,S1,城市列（整理，非 S1 原文）
CITY06,保定,河北,维度值为依公司公开资料整理，非来源原文；精确信息以公司官网为准,S1,城市列（整理，非 S1 原文）
CITY07,珠海,广东,维度值为依公司公开资料整理，非来源原文；精确信息以公司官网为准,S1,城市列（整理，非 S1 原文）
CITY08,东莞,广东,维度值为依公司公开资料整理，非来源原文；精确信息以公司官网为准,S1,城市列（整理，非 S1 原文）
CITY09,上海,上海,维度值为依公司公开资料整理，非来源原文；精确信息以公司官网为准,S1,城市列（整理，非 S1 原文）
CITY10,成都,四川,维度值为依公司公开资料整理，非来源原文；精确信息以公司官网为准,S1,城市列（整理，非 S1 原文）
CITY11,广州,广东,维度值为依公司公开资料整理，非来源原文；精确信息以公司官网为准,S1,城市列（整理，非 S1 原文）
CITY12,北京,北京,维度值为依公司公开资料整理，非来源原文；精确信息以公司官网为准,S1,城市列（整理，非 S1 原文）
CITY13,杭州,浙江,维度值为依公司公开资料整理，非来源原文；精确信息以公司官网为准,S1,城市列（整理，非 S1 原文）
CITY14,南京,江苏,维度值为依公司公开资料整理，非来源原文；精确信息以公司官网为准,S1,城市列（整理，非 S1 原文）
CITY15,苏州,江苏,维度值为依公司公开资料整理，非来源原文；精确信息以公司官网为准,S1,城市列（整理，非 S1 原文）
CITY16,合肥,安徽,维度值为依公司公开资料整理，非来源原文；精确信息以公司官网为准,S1,城市列（整理，非 S1 原文）
CITY17,武汉,湖北,维度值为依公司公开资料整理，非来源原文；精确信息以公司官网为准,S1,城市列（整理，非 S1 原文）
CITY18,呼和浩特,内蒙古,维度值为依公司公开资料整理，非来源原文；精确信息以公司官网为准,S1,城市列（整理，非 S1 原文）
CITY19,厦门,福建,维度值为依公司公开资料整理，非来源原文；精确信息以公司官网为准,S1,城市列（整理，非 S1 原文）
CITY20,温州,浙江,维度值为依公司公开资料整理，非来源原文；精确信息以公司官网为准,S1,城市列（整理，非 S1 原文）
CITY21,常熟,江苏,维度值为依公司公开资料整理，非来源原文；精确信息以公司官网为准,S1,城市列（整理，非 S1 原文）
CITY22,慈溪,浙江,维度值为依公司公开资料整理，非来源原文；精确信息以公司官网为准,S1,城市列（整理，非 S1 原文）
CITY23,昆山,江苏,维度值为依公司公开资料整理，非来源原文；精确信息以公司官网为准,S1,城市列（整理，非 S1 原文）
CITY24,连云港,江苏,维度值为依公司公开资料整理，非来源原文；精确信息以公司官网为准,S1,城市列（整理，非 S1 原文）
CITY25,昆明,云南,维度值为依公司公开资料整理，非来源原文；精确信息以公司官网为准,S1,城市列（整理，非 S1 原文）
CITY26,漳州,福建,维度值为依公司公开资料整理，非来源原文；精确信息以公司官网为准,S1,城市列（整理，非 S1 原文）
CITY27,江门,广东,维度值为依公司公开资料整理，非来源原文；精确信息以公司官网为准,S1,城市列（整理，非 S1 原文）
CITY28,汕头,广东,维度值为依公司公开资料整理，非来源原文；精确信息以公司官网为准,S1,城市列（整理，非 S1 原文）
CITY29,西雅图,美国华盛顿州,维度值为依公司公开资料整理，非来源原文；精确信息以公司官网为准,S1,城市列（整理，非 S1 原文）
CITY30,广东省,广东,维度值为依公司公开资料整理，非来源原文；精确信息以公司官网为准,S1,城市列（整理，非 S1 原文）
CITY31,未注明,,维度值为依公司公开资料整理，非来源原文；精确信息以公司官网为准,S1,城市列（整理，非 S1 原文）
CITY32,绵阳,四川,维度值为依公司公开资料整理，非来源原文；精确信息以公司官网为准,S1,城市列（整理，非 S1 原文）
CITY33,赣州,江西,维度值为依公司公开资料整理，非来源原文；精确信息以公司官网为准,S1,城市列（整理，非 S1 原文）
CITY34,天津,天津,维度值为依公司公开资料整理，非来源原文；精确信息以公司官网为准,S1,城市列（整理，非 S1 原文）
CITY35,芜湖,安徽,维度值为依公司公开资料整理，非来源原文；精确信息以公司官网为准,S1,城市列（整理，非 S1 原文）
CITY36,漯河,河南,维度值为依公司公开资料整理，非来源原文；精确信息以公司官网为准,S1,城市列（整理，非 S1 原文）
CITY37,郑州,河南,维度值为依公司公开资料整理，非来源原文；精确信息以公司官网为准,S1,城市列（整理，非 S1 原文）
CITY38,邢台,河北,维度值为依公司公开资料整理，非来源原文；精确信息以公司官网为准,S1,城市列（整理，非 S1 原文）
