claim_id,company_id,schedule_type,schedule_original,year_original,year_start,date_rule,evidence_level,source_id,source_locator,note
CL001,C001,每周二闭店,每周二全员闭店休息、日工作7小时、年假30-40天、禁加班,（未注明）,,原文未给年份，留空,E-A,S1,一、明星案例表,严格说是周二闭店而非周末双休；配超长年假与禁加班，S1 列为证据链最硬案例
CL002,C002,双休,2025年方洪波签“六条禁令”，18:20强制下班、禁形式主义加班,2025,2025,从原文抽取「年+月」字样，取其四位年份为归一化年,E-A,S1,一、明星案例表,
CL003,C003,双休,2025年2月起晚9点逐层清楼赶人、上海关灯断电,2025年2月,2025,从原文抽取「年+月」字样，取其四位年份为归一化年,E-A,S1,一、明星案例表,
CL004,C004,双休,2025年全面双休、周六不准来、加班需提前一周审批,2025,2025,从原文抽取「年+月」字样，取其四位年份为归一化年,E-A,S1,一、明星案例表,
CL005,C005,双休,2025年12月宣布取消大小周、2026年起全年52个完整双休,2025年12月,2025,从原文抽取「年+月」字样，取其四位年份为归一化年,E-A,S1,一、明星案例表,
CL006,C006,双休,2021年起大小周改双休、取消所有加班，每天约7小时,2021,2021,从原文抽取「年+月」字样，取其四位年份为归一化年,E-A,S1,一、明星案例表,
CL007,C007,双休,2021年取消大小周、双休不降薪,2021,2021,从原文抽取「年+月」字样，取其四位年份为归一化年,E-A,S1,一、明星案例表,
CL008,C008,双休,门店超时按1.5倍付加班费、设义务加班举报机制,（未注明）,,原文未给年份，留空,E-A,S1,一、明星案例表,零售门店为排班制，此处指其反加班机制
CL009,C009,双休,“夜洁计划”请外部供应商代做打烊清洁，让门店员工按时下班,（未注明）,,原文未给年份，留空,E-A,S1,一、明星案例表,门店仍需轮班，重点在减少打烊加班
CL010,C010,双休,2025年加入珠三角反内卷，压缩加班/周报,2025,2025,从原文抽取「年+月」字样，取其四位年份为归一化年,E-A,S1,一、明星案例表,仅指总部/办公岗；门店为单休/排班（见 S1 避雷区）
CL011,C011,双休,2025年将“整治内卷式竞争”列入重点，减少无效加班,2025,2025,从原文抽取「年+月」字样，取其四位年份为归一化年,E-A,S1,一、明星案例表,
CL012,C012,双休,2025年将“整治内卷式竞争”列入重点,2025,2025,从原文抽取「年+月」字样，取其四位年份为归一化年,E-A,S1,一、明星案例表,
CL013,C013,双休,2025年将“整治内卷式竞争”列入重点,2025,2025,从原文抽取「年+月」字样，取其四位年份为归一化年,E-A,S1,一、明星案例表,
CL014,C014,名义双休,2021年取消大小周、双休，但工时偏长,2021,2021,从原文抽取「年+月」字样，取其四位年份为归一化年,E-B,S1,二、双休为主·互联网/科技/游戏,
CL015,C015,名义双休,双休，2025年部分BG试点周三18点下班,2025,2025,从原文抽取「年+月」字样，取其四位年份为归一化年,E-B,S1,二、双休为主·互联网/科技/游戏,
CL016,C016,名义双休,名义双休，强度看部门,（未注明）,,原文未给年份，留空,E-B,S1,二、双休为主·互联网/科技/游戏,
CL017,C017,名义双休,名义双休，强度看部门,（未注明）,,原文未给年份，留空,E-B,S1,二、双休为主·互联网/科技/游戏,
CL018,C018,名义双休,名义双休,（未注明）,,原文未给年份，留空,E-B,S1,二、双休为主·互联网/科技/游戏,
CL019,C019,名义双休,名义双休,（未注明）,,原文未给年份，留空,E-B,S1,二、双休为主·互联网/科技/游戏,
CL020,C020,名义双休,名义双休,（未注明）,,原文未给年份，留空,E-B,S1,二、双休为主·互联网/科技/游戏,
CL021,C021,名义双休,名义双休,（未注明）,,原文未给年份，留空,E-B,S1,二、双休为主·互联网/科技/游戏,骑手/配送为外包与计件，另计
CL022,C022,名义双休,名义双休,（未注明）,,原文未给年份，留空,E-B,S1,二、双休为主·互联网/科技/游戏,
CL023,C023,名义双休,2025年5月取消大小周,2025年5月,2025,从原文抽取「年+月」字样，取其四位年份为归一化年,E-B,S1,二、双休为主·互联网/科技/游戏,
CL024,C024,名义双休,2022年度废大小周,2022,2022,从原文抽取「年+月」字样，取其四位年份为归一化年,E-B,S1,二、双休为主·互联网/科技/游戏,
CL025,C025,名义双休,名义双休,（未注明）,,原文未给年份，留空,E-B,S1,二、双休为主·互联网/科技/游戏,
CL026,C026,双休,双休 + 每周2天居家办公，反内卷口碑较好,（未注明）,,原文未给年份，留空,E-B,S1,二、双休为主·互联网/科技/游戏,
CL027,C027,名义双休,多数双休，项目期加班,（未注明）,,原文未给年份，留空,E-B,S1,二、双休为主·互联网/科技/游戏,
CL028,C028,名义双休,多数双休，项目期加班,（未注明）,,原文未给年份，留空,E-B,S1,二、双休为主·互联网/科技/游戏,
CL029,C029,名义双休,多数双休，项目期加班,（未注明）,,原文未给年份，留空,E-B,S1,二、双休为主·互联网/科技/游戏,
CL030,C030,双休,外企普遍955、双休、加班少,（未注明）,,原文未给年份，留空,E-B,S1,二、双休为主·外企标杆,招得少
CL031,C031,双休,外企普遍955、双休、加班少,（未注明）,,原文未给年份，留空,E-B,S1,二、双休为主·外企标杆,招得少
CL032,C032,双休,外企普遍955、双休、加班少,（未注明）,,原文未给年份，留空,E-B,S1,二、双休为主·外企标杆,招得少
CL033,C033,双休,外企普遍955、双休、加班少,（未注明）,,原文未给年份，留空,E-B,S1,二、双休为主·外企标杆,零售门店为排班制
CL034,C034,双休,外企普遍955、双休、加班少,（未注明）,,原文未给年份，留空,E-B,S1,二、双休为主·外企标杆,招得少
CL035,C035,双休,外企普遍955、双休、加班少,（未注明）,,原文未给年份，留空,E-B,S1,二、双休为主·外企标杆,招得少
CL036,C036,双休,外企普遍955、双休、加班少,（未注明）,,原文未给年份，留空,E-B,S1,二、双休为主·外企标杆,招得少
CL037,C037,双休,外企普遍955、双休、加班少,（未注明）,,原文未给年份，留空,E-B,S1,二、双休为主·外企标杆,招得少
CL038,C038,双休,双休为主,（未注明）,,原文未给年份，留空,E-B,S1,二、双休为主·互联网/科技/游戏,
CL039,C039,双休,双休为主,（未注明）,,原文未给年份，留空,E-B,S1,二、双休为主·手机/消费电子/硬件,
CL040,C040,双休,双休，核心研发项目期偏忙,（未注明）,,原文未给年份，留空,E-B,S1,二、双休为主·手机/消费电子/硬件,
CL041,C041,双休,双休，核心研发项目期偏忙,（未注明）,,原文未给年份，留空,E-B,S1,二、双休为主·手机/消费电子/硬件,
CL042,C042,双休,双休，核心研发项目期偏忙,（未注明）,,原文未给年份，留空,E-B,S1,二、双休为主·手机/消费电子/硬件,
CL043,C043,双休,双休，核心研发项目期偏忙,（未注明）,,原文未给年份，留空,E-B,S1,二、双休为主·手机/消费电子/硬件,
CL044,C044,双休,双休，核心研发项目期偏忙,（未注明）,,原文未给年份，留空,E-B,S1,二、双休为主·手机/消费电子/硬件,
CL045,C045,双休,双休，核心研发项目期偏忙,（未注明）,,原文未给年份，留空,E-B,S1,二、双休为主·手机/消费电子/硬件,
CL046,C046,双休,双休，核心研发项目期偏忙,（未注明）,,原文未给年份，留空,E-B,S1,二、双休为主·手机/消费电子/硬件,
CL047,C047,双休,双休为主,（未注明）,,原文未给年份，留空,E-B,S1,二、双休为主·手机/消费电子/硬件,
CL048,C048,双休,双休为主,（未注明）,,原文未给年份，留空,E-B,S1,二、双休为主·手机/消费电子/硬件,旗下豪威科技
CL049,C049,双休,职能岗双休为主,（未注明）,,原文未给年份，留空,E-B,S1,二、双休为主·手机/消费电子/硬件,产线为倒班
CL050,C050,双休,职能岗双休,（未注明）,,原文未给年份，留空,E-B,S1,二、双休为主·快消/食品饮料,
CL051,C051,双休,职能岗双休，销售岗周六常出勤,（未注明）,,原文未给年份，留空,E-B,S1,二、双休为主·快消/食品饮料,
CL052,C052,双休,职能岗双休，销售岗周六常出勤,（未注明）,,原文未给年份，留空,E-B,S1,二、双休为主·快消/食品饮料,
CL053,C053,双休,职能岗双休，销售岗周六常出勤,（未注明）,,原文未给年份，留空,E-B,S1,二、双休为主·快消/食品饮料,
CL054,C054,双休,职能岗双休，销售岗周六常出勤,（未注明）,,原文未给年份，留空,E-B,S1,二、双休为主·快消/食品饮料,
CL055,C055,双休,办公岗双休,（未注明）,,原文未给年份，留空,E-B,S1,二、双休为主·快消/食品饮料,
CL056,C056,名义双休,办公岗双休,（未注明）,,原文未给年份，留空,E-B,S1,二、双休为主·快消/食品饮料,S1 提示曾被曝“纸面双休、加班多”
CL057,C057,双休,办公岗双休,（未注明）,,原文未给年份，留空,E-B,S1,二、双休为主·快消/食品饮料,
CL058,C058,名义双休,总部双休，门店轮班,（未注明）,,原文未给年份，留空,E-B,S1,二、双休为主·快消/食品饮料,
CL059,C059,名义双休,总部双休，门店轮班,（未注明）,,原文未给年份，留空,E-B,S1,二、双休为主·快消/食品饮料,门店为轮班制
CL060,C060,周休二,全职周休二/有加班费，门店轮班,（未注明）,,原文未给年份，留空,E-B,S1,二、双休为主·快消/食品饮料,“周休二”非一定周末连休
CL061,C061,双休,官方称设每月最长工时、拒绝规模内卷,（未注明）,,原文未给年份，留空,E-B,S1,二、双休为主·美妆/日化/服饰,
CL062,C062,双休,职能岗双休,（未注明）,,原文未给年份，留空,E-B,S1,二、双休为主·美妆/日化/服饰,
CL063,C063,双休,职能岗双休,（未注明）,,原文未给年份，留空,E-B,S1,二、双休为主·美妆/日化/服饰,
CL064,C064,双休,职能岗双休,（未注明）,,原文未给年份，留空,E-B,S1,二、双休为主·美妆/日化/服饰,
CL065,C065,双休,总部双休,（未注明）,,原文未给年份，留空,E-B,S1,二、双休为主·美妆/日化/服饰,
CL066,C066,双休,双休为主，门店/电商另计,（未注明）,,原文未给年份，留空,E-B,S1,二、双休为主·美妆/日化/服饰,
CL067,C067,双休,双休为主，门店/电商另计,（未注明）,,原文未给年份，留空,E-B,S1,二、双休为主·美妆/日化/服饰,
CL068,C068,双休,双休为主，门店/电商另计,（未注明）,,原文未给年份，留空,E-B,S1,二、双休为主·美妆/日化/服饰,旗下巴拉巴拉
CL069,C069,名义双休,招聘写双休,（未注明）,,原文未给年份，留空,E-B,S1,二、双休为主·美妆/日化/服饰,S1 提示员工称加班多
CL070,C070,双休,办公岗双休、基本准点,（未注明）,,原文未给年份，留空,E-B,S1,二、双休为主·家电小家电/家居,
CL071,C071,双休,办公岗双休、基本准点,（未注明）,,原文未给年份，留空,E-B,S1,二、双休为主·家电小家电/家居,
CL072,C072,双休,办公岗双休、基本准点,（未注明）,,原文未给年份，留空,E-B,S1,二、双休为主·家电小家电/家居,
CL073,C073,双休,办公岗双休、基本准点,（未注明）,,原文未给年份，留空,E-B,S1,二、双休为主·家电小家电/家居,
CL074,C074,双休,总部双休,（未注明）,,原文未给年份，留空,E-B,S1,二、双休为主·家电小家电/家居,亦见 S4 名单
CL075,C075,双休,总部双休,（未注明）,,原文未给年份，留空,E-B,S1,二、双休为主·家电小家电/家居,
CL076,C076,双休,总部双休，营销岗另计,（未注明）,,原文未给年份，留空,E-B,S1,二、双休为主·家电小家电/家居,
CL077,C077,双休,总部双休，营销岗另计,（未注明）,,原文未给年份，留空,E-B,S1,二、双休为主·家电小家电/家居,
CL078,C078,双休,内勤双休为主,（未注明）,,原文未给年份，留空,E-B,S1,二、双休为主·金融/医药,销售岗另计
CL079,C079,双休,内勤双休为主,（未注明）,,原文未给年份，留空,E-B,S1,二、双休为主·金融/医药,销售岗另计
CL080,C080,双休,双休为主,（未注明）,,原文未给年份，留空,E-B,S1,二、双休为主·金融/医药,
CL081,C081,双休,双休为主,（未注明）,,原文未给年份，留空,E-B,S1,二、双休为主·金融/医药,
CL082,C082,双休,双休为主,（未注明）,,原文未给年份，留空,E-B,S1,二、双休为主·金融/医药,
CL083,C083,双休,双休为主,（未注明）,,原文未给年份，留空,E-B,S1,二、双休为主·金融/医药,
CL084,C084,双休,S1 二区列“招银”为双休为主,（未注明）,,原文未给年份，留空,E-C,S1,二、双休为主·金融/医药,同一名单三区又列招商银行“加班文化重、很少准点下班”，互相矛盾，证据降为 E-C
CL085,C085,双休,销售岗双休为主,（未注明）,,原文未给年份，留空,E-B,S1,二、双休为主·金融/医药,
CL086,C086,双休,中药国企双休为主,（未注明）,,原文未给年份，留空,E-B,S1,二、双休为主·金融/医药,
CL087,C087,双休,中药国企双休为主,（未注明）,,原文未给年份，留空,E-B,S1,二、双休为主·金融/医药,
CL088,C088,双休,中药国企双休为主,（未注明）,,原文未给年份，留空,E-B,S1,二、双休为主·金融/医药,
CL089,C089,双休,中药国企双休为主,（未注明）,,原文未给年份，留空,E-B,S1,二、双休为主·金融/医药,
CL090,C090,双休,医药流通双休为主,（未注明）,,原文未给年份，留空,E-B,S1,二、双休为主·金融/医药,
CL091,C091,双休,医药流通双休为主,（未注明）,,原文未给年份，留空,E-B,S1,二、双休为主·金融/医药,
CL092,C092,上四休三,名单标注“上四休三”,（未注明）,,原文未给年份，留空,E-C,S4,企业名单表,主营为媒体营销服务，非实物产品
CL093,C093,双休,名单收录,（未注明）,,原文未给年份，留空,E-C,S4,企业名单表,饮料；城市仅记“广东”
CL094,C094,双休,名单收录,（未注明）,,原文未给年份，留空,E-C,S4,企业名单表,即饮咖啡；与 C059 门店业务不同
CL095,C095,双休,名单收录,（未注明）,,原文未给年份，留空,E-C,S4,企业名单表,充电与数码配件
CL096,C096,双休,名单收录,（未注明）,,原文未给年份，留空,E-C,S4,企业名单表,音频设备
CL097,C097,双休,名单收录,（未注明）,,原文未给年份，留空,E-C,S8,企业名单表,据双休购开源数据修正为「益生菌与微生态」，城市青岛
CL098,C098,双休,名单收录,（未注明）,,原文未给年份，留空,E-C,S4,企业名单表,空气净化器
CL099,C099,双休,名单收录,（未注明）,,原文未给年份，留空,E-C,S4,企业名单表,儿童玩具
CL100,C100,双休,名单收录,（未注明）,,原文未给年份，留空,E-C,S4,企业名单表,洗护与个护
CL101,C101,双休,名单收录,（未注明）,,原文未给年份，留空,E-C,S4,企业名单表,酱油与调味汁；英文名未核实，故留空
CL102,C102,双休,2024年成立起双休+弹性打卡；不提倡加班、不在休息日团建,2024,2024,从原文抽取「年+月」字样，取其四位年份为归一化年,E-C,S2,企业自晒双休制,刺梨汁品牌；负责人自述，属企业自述证据；城市未公开，记为未注明
CL103,C103,双休,名单收录,（未注明）,,原文未给年份，留空,E-C,S8,企业名单表,营养保健与个护
CL104,C104,双休,名单收录,（未注明）,,原文未给年份，留空,E-C,S8,企业名单表,可生食鸡蛋与蛋制品
CL105,C105,双休,名单收录,（未注明）,,原文未给年份，留空,E-C,S8,企业名单表,系统门窗
CL106,C106,双休,名单收录,（未注明）,,原文未给年份，留空,E-C,S8,企业名单表,杯壶与水具（保温杯、水杯）
CL107,C107,双休,名单收录,（未注明）,,原文未给年份，留空,E-C,S8,企业名单表,卫浴产品（智能马桶等）
CL108,C108,双休,名单收录,（未注明）,,原文未给年份，留空,E-C,S8,企业名单表,宠物营养与用品
CL109,C109,未核实,未发现公开双休来源,（未注明）,,原文未给年份，留空,E-D,S9,公开品牌资料,用户扫描的瓶装水/生鲜为其自有品牌；未查到双休依据，不作推荐
CL110,C110,未核实,未发现公开双休来源,（未注明）,,原文未给年份，留空,E-D,S9,公开品牌资料,
CL111,C111,未核实,未发现公开双休来源,（未注明）,,原文未给年份，留空,E-D,S9,公开品牌资料,
CL112,C112,未核实,未发现公开双休来源,（未注明）,,原文未给年份，留空,E-D,S9,公开品牌资料,
CL113,C113,未核实,未发现公开双休来源,（未注明）,,原文未给年份，留空,E-D,S9,公开品牌资料,
CL114,C114,未核实,未发现公开双休来源,（未注明）,,原文未给年份，留空,E-D,S9,公开品牌资料,
CL115,C115,未核实,未发现公开双休来源,（未注明）,,原文未给年份，留空,E-D,S9,公开品牌资料,
CL116,C116,未核实,未发现公开双休来源,（未注明）,,原文未给年份，留空,E-D,S9,公开品牌资料,
CL117,C117,未核实,未发现公开双休来源,（未注明）,,原文未给年份，留空,E-D,S9,公开品牌资料,
CL118,C118,未核实,未发现公开双休来源,（未注明）,,原文未给年份，留空,E-D,S9,公开品牌资料,
CL119,C119,未核实,未发现公开双休来源,（未注明）,,原文未给年份，留空,E-D,S9,公开品牌资料,
CL120,C120,未核实,未发现公开双休来源,（未注明）,,原文未给年份，留空,E-D,S9,公开品牌资料,
CL121,C121,未核实,未发现公开双休来源,（未注明）,,原文未给年份，留空,E-D,S9,公开品牌资料,
CL122,C122,未核实,未发现公开双休来源,（未注明）,,原文未给年份，留空,E-D,S9,公开品牌资料,
