company_id,name_zh,name_en,industry_id,city_id,schedule_type,evidence_level,schedule_original,source_id,source_locator,note
C001,胖东来,Pang Dong Lai,IND01,CITY01,每周二闭店,E-A,每周二全员闭店休息、日工作7小时、年假30-40天、禁加班,S1,一、明星案例表,严格说是周二闭店而非周末双休；配超长年假与禁加班，S1 列为证据链最硬案例
C002,美的集团,Midea,IND02,CITY03,双休,E-A,2025年方洪波签“六条禁令”，18:20强制下班、禁形式主义加班,S1,一、明星案例表,
C003,大疆创新,DJI,IND03,CITY04,双休,E-A,2025年2月起晚9点逐层清楼赶人、上海关灯断电,S1,一、明星案例表,
C004,海尔集团,Haier,IND02,CITY05,双休,E-A,2025年全面双休、周六不准来、加班需提前一周审批,S1,一、明星案例表,
C005,长城汽车,Great Wall Motors,IND04,CITY06,双休,E-A,2025年12月宣布取消大小周、2026年起全年52个完整双休,S1,一、明星案例表,
C006,格力电器,Gree,IND05,CITY07,双休,E-A,2021年起大小周改双休、取消所有加班，每天约7小时,S1,一、明星案例表,
C007,vivo,vivo,IND06,CITY08,双休,E-A,2021年取消大小周、双休不降薪,S1,一、明星案例表,
C008,优衣库（中国）,UNIQLO,IND07,CITY09,双休,E-A,门店超时按1.5倍付加班费、设义务加班举报机制,S1,一、明星案例表,零售门店为排班制，此处指其反加班机制
C009,霸王茶姬,CHAGEE,IND08,CITY10,双休,E-A,“夜洁计划”请外部供应商代做打烊清洁，让门店员工按时下班,S1,一、明星案例表,门店仍需轮班，重点在减少打烊加班
C010,名创优品,MINISO,IND09,CITY11,双休,E-A,2025年加入珠三角反内卷，压缩加班/周报,S1,一、明星案例表,仅指总部/办公岗；门店为单休/排班（见 S1 避雷区）
C011,中国工商银行,ICBC,IND10,CITY12,双休,E-A,2025年将“整治内卷式竞争”列入重点，减少无效加班,S1,一、明星案例表,
C012,中国建设银行,CCB,IND10,CITY12,双休,E-A,2025年将“整治内卷式竞争”列入重点,S1,一、明星案例表,
C013,中国银行,Bank of China,IND10,CITY12,双休,E-A,2025年将“整治内卷式竞争”列入重点,S1,一、明星案例表,
C014,字节跳动,ByteDance,IND11,CITY12,名义双休,E-B,2021年取消大小周、双休，但工时偏长,S1,二、双休为主·互联网/科技/游戏,
C015,腾讯,Tencent,IND11,CITY04,名义双休,E-B,双休，2025年部分BG试点周三18点下班,S1,二、双休为主·互联网/科技/游戏,
C016,阿里巴巴,Alibaba,IND11,CITY13,名义双休,E-B,名义双休，强度看部门,S1,二、双休为主·互联网/科技/游戏,
C017,蚂蚁集团,Ant Group,IND12,CITY13,名义双休,E-B,名义双休，强度看部门,S1,二、双休为主·互联网/科技/游戏,
C018,百度,Baidu,IND11,CITY12,名义双休,E-B,名义双休,S1,二、双休为主·互联网/科技/游戏,
C019,网易,NetEase,IND11,CITY13,名义双休,E-B,名义双休,S1,二、双休为主·互联网/科技/游戏,
C020,京东,JD.com,IND13,CITY12,名义双休,E-B,名义双休,S1,二、双休为主·互联网/科技/游戏,
C021,美团,Meituan,IND14,CITY12,名义双休,E-B,名义双休,S1,二、双休为主·互联网/科技/游戏,骑手/配送为外包与计件，另计
C022,快手,Kuaishou,IND11,CITY12,名义双休,E-B,名义双休,S1,二、双休为主·互联网/科技/游戏,
C023,小红书,Xiaohongshu,IND11,CITY09,名义双休,E-B,2025年5月取消大小周,S1,二、双休为主·互联网/科技/游戏,
C024,得物,Dewu,IND13,CITY09,名义双休,E-B,2022年度废大小周,S1,二、双休为主·互联网/科技/游戏,
C025,哔哩哔哩,Bilibili,IND11,CITY09,名义双休,E-B,名义双休,S1,二、双休为主·互联网/科技/游戏,
C026,携程集团,Trip.com,IND15,CITY09,双休,E-B,双休 + 每周2天居家办公，反内卷口碑较好,S1,二、双休为主·互联网/科技/游戏,
C027,米哈游,miHoYo,IND16,CITY09,名义双休,E-B,多数双休，项目期加班,S1,二、双休为主·互联网/科技/游戏,
C028,莉莉丝游戏,Lilith Games,IND16,CITY09,名义双休,E-B,多数双休，项目期加班,S1,二、双休为主·互联网/科技/游戏,
C029,心动网络,XD Inc.,IND16,CITY09,名义双休,E-B,多数双休，项目期加班,S1,二、双休为主·互联网/科技/游戏,
C030,微软（中国）,Microsoft,IND17,CITY12,双休,E-B,外企普遍955、双休、加班少,S1,二、双休为主·外企标杆,招得少
C031,谷歌（中国）,Google,IND17,CITY12,双休,E-B,外企普遍955、双休、加班少,S1,二、双休为主·外企标杆,招得少
C032,英伟达（中国）,NVIDIA,IND18,CITY09,双休,E-B,外企普遍955、双休、加班少,S1,二、双休为主·外企标杆,招得少
C033,苹果（中国）,Apple,IND17,CITY09,双休,E-B,外企普遍955、双休、加班少,S1,二、双休为主·外企标杆,零售门店为排班制
C034,SAP（中国）,SAP,IND17,CITY09,双休,E-B,外企普遍955、双休、加班少,S1,二、双休为主·外企标杆,招得少
C035,英特尔（中国）,Intel,IND18,CITY09,双休,E-B,外企普遍955、双休、加班少,S1,二、双休为主·外企标杆,招得少
C036,IBM（中国）,IBM,IND17,CITY12,双休,E-B,外企普遍955、双休、加班少,S1,二、双休为主·外企标杆,招得少
C037,亚马逊（中国）,Amazon / AWS,IND17,CITY12,双休,E-B,外企普遍955、双休、加班少,S1,二、双休为主·外企标杆,招得少
C038,金山办公,Kingsoft Office,IND21,CITY12,双休,E-B,双休为主,S1,二、双休为主·互联网/科技/游戏,
C039,联想集团,Lenovo,IND22,CITY12,双休,E-B,双休为主,S1,二、双休为主·手机/消费电子/硬件,
C040,荣耀,HONOR,IND06,CITY04,双休,E-B,双休，核心研发项目期偏忙,S1,二、双休为主·手机/消费电子/硬件,
C041,传音控股,Transsion,IND06,CITY04,双休,E-B,双休，核心研发项目期偏忙,S1,二、双休为主·手机/消费电子/硬件,
C042,影石创新,Insta360,IND23,CITY04,双休,E-B,双休，核心研发项目期偏忙,S1,二、双休为主·手机/消费电子/硬件,
C043,安克创新,Anker,IND24,CITY04,双休,E-B,双休，核心研发项目期偏忙,S1,二、双休为主·手机/消费电子/硬件,
C044,绿联科技,UGREEN,IND24,CITY04,双休,E-B,双休，核心研发项目期偏忙,S1,二、双休为主·手机/消费电子/硬件,
C045,科沃斯,Ecovacs,IND25,CITY15,双休,E-B,双休，核心研发项目期偏忙,S1,二、双休为主·手机/消费电子/硬件,
C046,极米科技,XGIMI,IND25,CITY10,双休,E-B,双休，核心研发项目期偏忙,S1,二、双休为主·手机/消费电子/硬件,
C047,北方华创,NAURA,IND19,CITY12,双休,E-B,双休为主,S1,二、双休为主·手机/消费电子/硬件,
C048,韦尔股份,Will Semiconductor,IND18,CITY09,双休,E-B,双休为主,S1,二、双休为主·手机/消费电子/硬件,旗下豪威科技
C049,天马微电子,Tianma,IND20,CITY04,双休,E-B,职能岗双休为主,S1,二、双休为主·手机/消费电子/硬件,产线为倒班
C050,元气森林,Genki Forest,IND26,CITY12,双休,E-B,职能岗双休,S1,二、双休为主·快消/食品饮料,
C051,伊利股份,Yili,IND26,CITY18,双休,E-B,职能岗双休，销售岗周六常出勤,S1,二、双休为主·快消/食品饮料,
C052,统一企业（中国）,Uni-President,IND26,CITY09,双休,E-B,职能岗双休，销售岗周六常出勤,S1,二、双休为主·快消/食品饮料,
C053,可口可乐（中国）,Coca-Cola,IND26,CITY09,双休,E-B,职能岗双休，销售岗周六常出勤,S1,二、双休为主·快消/食品饮料,
C054,百事（中国）,PepsiCo,IND26,CITY09,双休,E-B,职能岗双休，销售岗周六常出勤,S1,二、双休为主·快消/食品饮料,
C055,洽洽食品,Chacha,IND27,CITY16,双休,E-B,办公岗双休,S1,二、双休为主·快消/食品饮料,
C056,良品铺子,Bestore,IND27,CITY17,名义双休,E-B,办公岗双休,S1,二、双休为主·快消/食品饮料,S1 提示曾被曝“纸面双休、加班多”
C057,光明乳业,Bright Dairy,IND26,CITY09,双休,E-B,办公岗双休,S1,二、双休为主·快消/食品饮料,
C058,瑞幸咖啡,Luckin Coffee,IND28,CITY19,名义双休,E-B,总部双休，门店轮班,S1,二、双休为主·快消/食品饮料,
C059,星巴克（中国）,Starbucks,IND28,CITY09,名义双休,E-B,总部双休，门店轮班,S1,二、双休为主·快消/食品饮料,门店为轮班制
C060,麦当劳（中国）,McDonald's,IND29,CITY09,周休二,E-B,全职周休二/有加班费，门店轮班,S1,二、双休为主·快消/食品饮料,“周休二”非一定周末连休
C061,珀莱雅,Proya,IND30,CITY13,双休,E-B,官方称设每月最长工时、拒绝规模内卷,S1,二、双休为主·美妆/日化/服饰,
C062,蓝月亮,Blue Moon,IND31,CITY11,双休,E-B,职能岗双休,S1,二、双休为主·美妆/日化/服饰,
C063,立白集团,Liby,IND31,CITY11,双休,E-B,职能岗双休,S1,二、双休为主·美妆/日化/服饰,
C064,上海家化,Jahwa,IND31,CITY09,双休,E-B,职能岗双休,S1,二、双休为主·美妆/日化/服饰,
C065,毛戈平,MAOGEPING,IND30,CITY09,双休,E-B,总部双休,S1,二、双休为主·美妆/日化/服饰,
C066,李宁,Li-Ning,IND32,CITY12,双休,E-B,双休为主，门店/电商另计,S1,二、双休为主·美妆/日化/服饰,
C067,361度,361°,IND32,CITY19,双休,E-B,双休为主，门店/电商另计,S1,二、双休为主·美妆/日化/服饰,
C068,森马服饰,Semir,IND32,CITY20,双休,E-B,双休为主，门店/电商另计,S1,二、双休为主·美妆/日化/服饰,旗下巴拉巴拉
C069,波司登,Bosideng,IND32,CITY21,名义双休,E-B,招聘写双休,S1,二、双休为主·美妆/日化/服饰,S1 提示员工称加班多
C070,苏泊尔,SUPOR,IND25,CITY13,双休,E-B,办公岗双休、基本准点,S1,二、双休为主·家电小家电/家居,
C071,公牛集团,Bull Group,IND25,CITY22,双休,E-B,办公岗双休、基本准点,S1,二、双休为主·家电小家电/家居,
C072,好孩子,Goodbaby,IND34,CITY23,双休,E-B,办公岗双休、基本准点,S1,二、双休为主·家电小家电/家居,
C073,Babycare,Babycare,IND34,CITY13,双休,E-B,办公岗双休、基本准点,S1,二、双休为主·家电小家电/家居,
C074,宜家（中国）,IKEA,IND33,CITY09,双休,E-B,总部双休,S1,二、双休为主·家电小家电/家居,亦见 S4 名单
C075,慕思股份,De Rucci,IND33,CITY08,双休,E-B,总部双休,S1,二、双休为主·家电小家电/家居,
C076,欧派家居,Oppein,IND33,CITY11,双休,E-B,总部双休，营销岗另计,S1,二、双休为主·家电小家电/家居,
C077,索菲亚,Suofeiya,IND33,CITY11,双休,E-B,总部双休，营销岗另计,S1,二、双休为主·家电小家电/家居,
C078,中国平安,Ping An,IND35,CITY04,双休,E-B,内勤双休为主,S1,二、双休为主·金融/医药,销售岗另计
C079,中国人寿,China Life,IND35,CITY12,双休,E-B,内勤双休为主,S1,二、双休为主·金融/医药,销售岗另计
C080,东方财富,East Money,IND35,CITY09,双休,E-B,双休为主,S1,二、双休为主·金融/医药,
C081,华泰证券,Huatai Securities,IND35,CITY14,双休,E-B,双休为主,S1,二、双休为主·金融/医药,
C082,中国银联,UnionPay,IND35,CITY09,双休,E-B,双休为主,S1,二、双休为主·金融/医药,
C083,财付通,Tenpay,IND12,CITY04,双休,E-B,双休为主,S1,二、双休为主·金融/医药,
C084,招商银行,China Merchants Bank,IND10,CITY04,双休,E-C,S1 二区列“招银”为双休为主,S1,二、双休为主·金融/医药,同一名单三区又列招商银行“加班文化重、很少准点下班”，互相矛盾，证据降为 E-C
C085,恒瑞医药,Hengrui Pharma,IND36,CITY24,双休,E-B,销售岗双休为主,S1,二、双休为主·金融/医药,
C086,云南白药,Yunnan Baiyao,IND36,CITY25,双休,E-B,中药国企双休为主,S1,二、双休为主·金融/医药,
C087,同仁堂,Tongrentang,IND36,CITY12,双休,E-B,中药国企双休为主,S1,二、双休为主·金融/医药,
C088,片仔癀,Pien Tze Huang,IND36,CITY26,双休,E-B,中药国企双休为主,S1,二、双休为主·金融/医药,
C089,白云山,Baiyunshan,IND36,CITY11,双休,E-B,中药国企双休为主,S1,二、双休为主·金融/医药,
C090,国药控股,Sinopharm,IND37,CITY09,双休,E-B,医药流通双休为主,S1,二、双休为主·金融/医药,
C091,九州通,Jointown,IND37,CITY17,双休,E-B,医药流通双休为主,S1,二、双休为主·金融/医药,
C092,尚世休杉,Shangshi Xiushan,IND38,CITY10,上四休三,E-C,名单标注“上四休三”,S4,企业名单表,主营为媒体营销服务，非实物产品
C093,仟人,Qianren,IND39,CITY30,双休,E-C,名单收录,S4,企业名单表,饮料；城市仅记“广东”
C094,星巴克即饮,Starbucks RTD,IND39,CITY29,双休,E-C,名单收录,S4,企业名单表,即饮咖啡；与 C059 门店业务不同
C095,品胜,PISEN,IND24,CITY04,双休,E-C,名单收录,S4,企业名单表,充电与数码配件
C096,花再,Hua Zai,IND24,CITY04,双休,E-C,名单收录,S4,企业名单表,音频设备
C097,东海药业,Donghai Pharma,IND42,CITY05,双休,E-C,名单收录,S8,企业名单表,据双休购开源数据修正为「益生菌与微生态」，城市青岛
C098,IQAir（中国）,IQAir,IND25,CITY11,双休,E-C,名单收录,S4,企业名单表,空气净化器
C099,PLAYMOBIL 摩比世界,PLAYMOBIL,IND34,CITY09,双休,E-C,名单收录,S4,企业名单表,儿童玩具
C100,可柔,Kerou,IND31,CITY28,双休,E-C,名单收录,S4,企业名单表,洗护与个护
C101,味事达,,IND40,CITY27,双休,E-C,名单收录,S4,企业名单表,酱油与调味汁；英文名未核实，故留空
C102,陆喜依,Luxiyi,IND26,CITY31,双休,E-C,2024年成立起双休+弹性打卡；不提倡加班、不在休息日团建,S2,企业自晒双休制,刺梨汁品牌；负责人自述，属企业自述证据；城市未公开，记为未注明
C103,安利（中国）,Amway China,IND42,CITY11,双休,E-C,名单收录,S8,企业名单表,营养保健与个护
C104,黄天鹅,Huangtiane,IND27,CITY32,双休,E-C,名单收录,S8,企业名单表,可生食鸡蛋与蛋制品
C105,富轩门窗,Fuxuan Doors & Windows,IND33,CITY03,双休,E-C,名单收录,S8,企业名单表,系统门窗
C106,富光,Fuguang,IND33,CITY16,双休,E-C,名单收录,S8,企业名单表,杯壶与水具（保温杯、水杯）
C107,瑞尔特,R&T,IND33,CITY19,双休,E-C,名单收录,S8,企业名单表,卫浴产品（智能马桶等）
C108,瑞德医生,Dr. Rede,IND41,CITY33,双休,E-C,名单收录,S8,企业名单表,宠物营养与用品
