industry_id,name,note,source_id,source_locator
IND01,商超百货,维度值为依公司公开资料整理，非来源原文；精确信息以公司官网为准,S1,行业列（整理，非 S1 原文）
IND02,白色家电,维度值为依公司公开资料整理，非来源原文；精确信息以公司官网为准,S1,行业列（整理，非 S1 原文）
IND03,无人机与影像,维度值为依公司公开资料整理，非来源原文；精确信息以公司官网为准,S1,行业列（整理，非 S1 原文）
IND04,整车制造,维度值为依公司公开资料整理，非来源原文；精确信息以公司官网为准,S1,行业列（整理，非 S1 原文）
IND05,空调与家电,维度值为依公司公开资料整理，非来源原文；精确信息以公司官网为准,S1,行业列（整理，非 S1 原文）
IND06,智能手机,维度值为依公司公开资料整理，非来源原文；精确信息以公司官网为准,S1,行业列（整理，非 S1 原文）
IND07,快时尚零售,维度值为依公司公开资料整理，非来源原文；精确信息以公司官网为准,S1,行业列（整理，非 S1 原文）
IND08,新茶饮,维度值为依公司公开资料整理，非来源原文；精确信息以公司官网为准,S1,行业列（整理，非 S1 原文）
IND09,零售百货,维度值为依公司公开资料整理，非来源原文；精确信息以公司官网为准,S1,行业列（整理，非 S1 原文）
IND10,银行,维度值为依公司公开资料整理，非来源原文；精确信息以公司官网为准,S1,行业列（整理，非 S1 原文）
IND11,互联网,维度值为依公司公开资料整理，非来源原文；精确信息以公司官网为准,S1,行业列（整理，非 S1 原文）
IND12,金融科技,维度值为依公司公开资料整理，非来源原文；精确信息以公司官网为准,S1,行业列（整理，非 S1 原文）
IND13,电商,维度值为依公司公开资料整理，非来源原文；精确信息以公司官网为准,S1,行业列（整理，非 S1 原文）
IND14,本地生活,维度值为依公司公开资料整理，非来源原文；精确信息以公司官网为准,S1,行业列（整理，非 S1 原文）
IND15,在线旅游,维度值为依公司公开资料整理，非来源原文；精确信息以公司官网为准,S1,行业列（整理，非 S1 原文）
IND16,游戏,维度值为依公司公开资料整理，非来源原文；精确信息以公司官网为准,S1,行业列（整理，非 S1 原文）
IND17,外企科技,维度值为依公司公开资料整理，非来源原文；精确信息以公司官网为准,S1,行业列（整理，非 S1 原文）
IND18,半导体,维度值为依公司公开资料整理，非来源原文；精确信息以公司官网为准,S1,行业列（整理，非 S1 原文）
IND19,半导体设备,维度值为依公司公开资料整理，非来源原文；精确信息以公司官网为准,S1,行业列（整理，非 S1 原文）
IND20,显示面板,维度值为依公司公开资料整理，非来源原文；精确信息以公司官网为准,S1,行业列（整理，非 S1 原文）
IND21,软件,维度值为依公司公开资料整理，非来源原文；精确信息以公司官网为准,S1,行业列（整理，非 S1 原文）
IND22,消费电子,维度值为依公司公开资料整理，非来源原文；精确信息以公司官网为准,S1,行业列（整理，非 S1 原文）
IND23,影像硬件,维度值为依公司公开资料整理，非来源原文；精确信息以公司官网为准,S1,行业列（整理，非 S1 原文）
IND24,3C数码,维度值为依公司公开资料整理，非来源原文；精确信息以公司官网为准,S1,行业列（整理，非 S1 原文）
IND25,家用电器,维度值为依公司公开资料整理，非来源原文；精确信息以公司官网为准,S1,行业列（整理，非 S1 原文）
IND26,食品饮料,维度值为依公司公开资料整理，非来源原文；精确信息以公司官网为准,S1,行业列（整理，非 S1 原文）
IND27,食品,维度值为依公司公开资料整理，非来源原文；精确信息以公司官网为准,S1,行业列（整理，非 S1 原文）
IND28,咖啡,维度值为依公司公开资料整理，非来源原文；精确信息以公司官网为准,S1,行业列（整理，非 S1 原文）
IND29,餐饮,维度值为依公司公开资料整理，非来源原文；精确信息以公司官网为准,S1,行业列（整理，非 S1 原文）
IND30,美妆,维度值为依公司公开资料整理，非来源原文；精确信息以公司官网为准,S1,行业列（整理，非 S1 原文）
IND31,日化,维度值为依公司公开资料整理，非来源原文；精确信息以公司官网为准,S1,行业列（整理，非 S1 原文）
IND32,服饰,维度值为依公司公开资料整理，非来源原文；精确信息以公司官网为准,S1,行业列（整理，非 S1 原文）
IND33,家居,维度值为依公司公开资料整理，非来源原文；精确信息以公司官网为准,S1,行业列（整理，非 S1 原文）
IND34,母婴,维度值为依公司公开资料整理，非来源原文；精确信息以公司官网为准,S1,行业列（整理，非 S1 原文）
IND35,金融,维度值为依公司公开资料整理，非来源原文；精确信息以公司官网为准,S1,行业列（整理，非 S1 原文）
IND36,医药,维度值为依公司公开资料整理，非来源原文；精确信息以公司官网为准,S1,行业列（整理，非 S1 原文）
IND37,医药流通,维度值为依公司公开资料整理，非来源原文；精确信息以公司官网为准,S1,行业列（整理，非 S1 原文）
IND38,媒体营销,维度值为依公司公开资料整理，非来源原文；精确信息以公司官网为准,S1,行业列（整理，非 S1 原文）
IND39,饮料冲调,维度值为依公司公开资料整理，非来源原文；精确信息以公司官网为准,S1,行业列（整理，非 S1 原文）
IND40,调味品,维度值为依公司公开资料整理，非来源原文；精确信息以公司官网为准,S1,行业列（整理，非 S1 原文）
IND41,宠物用品,维度值为依公司公开资料整理，非来源原文；精确信息以公司官网为准,S1,行业列（整理，非 S1 原文）
