product_id,name,category_id,company_id,source_id,source_locator,note
P001,胖东来超市百货,CAT21,C001,S1,一、明星案例表,
P002,DL 自营烘焙,CAT04,C001,S1,一、明星案例表,
P003,DL 精酿啤酒,CAT03,C001,S1,一、明星案例表,
P004,美的空调,CAT01,C002,S1,一、明星案例表,
P005,美的冰箱,CAT01,C002,S1,一、明星案例表,
P006,美的洗衣机,CAT01,C002,S1,一、明星案例表,
P007,华凌,CAT01,C002,S1,一、明星案例表,子品牌
P008,小天鹅,CAT01,C002,S1,一、明星案例表,子品牌
P009,COLMO,CAT01,C002,S1,一、明星案例表,高端子品牌
P010,Mavic 系列无人机,CAT17,C003,S1,一、明星案例表,
P011,Osmo 手持云台,CAT17,C003,S1,一、明星案例表,
P012,Action 运动相机,CAT17,C003,S1,一、明星案例表,
P013,海尔冰箱,CAT01,C004,S1,一、明星案例表,
P014,海尔洗衣机,CAT01,C004,S1,一、明星案例表,
P015,卡萨帝,CAT01,C004,S1,一、明星案例表,高端子品牌
P016,三翼鸟,CAT01,C004,S1,一、明星案例表,场景品牌
P017,哈弗,CAT15,C005,S1,一、明星案例表,
P018,坦克,CAT15,C005,S1,一、明星案例表,
P019,魏牌,CAT15,C005,S1,一、明星案例表,
P020,欧拉,CAT15,C005,S1,一、明星案例表,
P021,长城炮,CAT15,C005,S1,一、明星案例表,
P022,格力空调,CAT01,C006,S1,一、明星案例表,
P023,晶弘冰箱,CAT01,C006,S1,一、明星案例表,
P024,大松小家电,CAT01,C006,S1,一、明星案例表,
P025,vivo X 系列手机,CAT16,C007,S1,一、明星案例表,
P026,vivo S 系列手机,CAT16,C007,S1,一、明星案例表,
P027,iQOO 手机,CAT16,C007,S1,一、明星案例表,子品牌
P028,UNIQLO 服饰,CAT10,C008,S1,一、明星案例表,
P029,GU 极优,CAT10,C008,S1,一、明星案例表,子品牌
P030,伯牙绝弦,CAT20,C009,S1,一、明星案例表,
P031,花田乌龙,CAT20,C009,S1,一、明星案例表,
P032,MINISO 生活好物,CAT21,C010,S1,一、明星案例表,
P033,TOP TOY 潮玩,CAT21,C010,S1,一、明星案例表,子品牌
P034,工行信用卡,CAT13,C011,S1,一、明星案例表,金融产品/服务
P035,建行信用卡,CAT13,C012,S1,一、明星案例表,金融产品/服务
P036,中行信用卡,CAT13,C013,S1,一、明星案例表,金融产品/服务
P037,抖音,CAT18,C014,S1,二、双休为主,App/服务
P038,剪映,CAT18,C014,S1,二、双休为主,
P039,飞书,CAT18,C014,S1,二、双休为主,
P040,豆包,CAT18,C014,S1,二、双休为主,
P041,微信,CAT18,C015,S1,二、双休为主,
P042,QQ,CAT18,C015,S1,二、双休为主,
P043,王者荣耀,CAT19,C015,S1,二、双休为主,
P044,腾讯会议,CAT18,C015,S1,二、双休为主,
P045,淘宝,CAT18,C016,S1,二、双休为主,
P046,高德地图,CAT18,C016,S1,二、双休为主,
P047,钉钉,CAT18,C016,S1,二、双休为主,
P048,支付宝,CAT18,C017,S1,二、双休为主,
P049,文心一言,CAT18,C018,S1,二、双休为主,
P050,百度地图,CAT18,C018,S1,二、双休为主,
P051,百度网盘,CAT18,C018,S1,二、双休为主,
P052,网易云音乐,CAT18,C019,S1,二、双休为主,
P053,有道,CAT18,C019,S1,二、双休为主,
P054,网易严选,CAT21,C019,S1,二、双休为主,
P055,京东 App,CAT18,C020,S1,二、双休为主,
P056,美团 App,CAT18,C021,S1,二、双休为主,
P057,大众点评,CAT18,C021,S1,二、双休为主,
P058,快手 App,CAT18,C022,S1,二、双休为主,
P059,小红书 App,CAT18,C023,S1,二、双休为主,
P060,得物 App,CAT18,C024,S1,二、双休为主,
P061,哔哩哔哩 App,CAT18,C025,S1,二、双休为主,
P062,携程 App,CAT18,C026,S1,二、双休为主,
P063,原神,CAT19,C027,S1,二、双休为主,
P064,崩坏：星穹铁道,CAT19,C027,S1,二、双休为主,
P065,绝区零,CAT19,C027,S1,二、双休为主,
P066,剑与远征,CAT19,C028,S1,二、双休为主,
P067,TapTap,CAT19,C029,S1,二、双休为主,
P068,Windows,CAT18,C030,S1,二、双休为主,
P069,Office,CAT18,C030,S1,二、双休为主,
P070,Surface,CAT02,C030,S1,二、双休为主,
P071,Android,CAT18,C031,S1,二、双休为主,
P072,Pixel 手机,CAT16,C031,S1,二、双休为主,
P073,GeForce RTX 显卡,CAT24,C032,S1,二、双休为主,
P074,iPhone,CAT16,C033,S1,二、双休为主,
P075,Mac,CAT02,C033,S1,二、双休为主,
P076,iPad,CAT02,C033,S1,二、双休为主,
P077,SAP ERP 软件,CAT18,C034,S1,二、双休为主,
P078,Intel 酷睿 CPU,CAT24,C035,S1,二、双休为主,
P079,IBM 咨询与云服务,CAT18,C036,S1,二、双休为主,
P080,AWS 云服务,CAT18,C037,S1,二、双休为主,
P081,Kindle,CAT02,C037,S1,二、双休为主,
P082,WPS Office,CAT18,C038,S1,二、双休为主,
P083,ThinkPad,CAT02,C039,S1,二、双休为主,
P084,联想拯救者,CAT02,C039,S1,二、双休为主,
P085,moto 手机,CAT16,C039,S1,二、双休为主,
P086,荣耀 Magic 系列,CAT16,C040,S1,二、双休为主,
P087,荣耀数字系列,CAT16,C040,S1,二、双休为主,
P088,Tecno 手机,CAT16,C041,S1,二、双休为主,
P089,Infinix 手机,CAT16,C041,S1,二、双休为主,
P090,影石全景相机,CAT17,C042,S1,二、双休为主,
P091,影石运动相机,CAT17,C042,S1,二、双休为主,
P092,Anker 充电器,CAT02,C043,S1,二、双休为主,
P093,eufy,CAT01,C043,S1,二、双休为主,子品牌
P094,soundcore,CAT02,C043,S1,二、双休为主,子品牌
P095,绿联充电器,CAT02,C044,S1,二、双休为主,
P096,绿联 NAS,CAT02,C044,S1,二、双休为主,
P097,绿联扩展坞,CAT02,C044,S1,二、双休为主,
P098,科沃斯扫地机器人,CAT01,C045,S1,二、双休为主,
P099,科沃斯擦窗机器人,CAT01,C045,S1,二、双休为主,
P100,极米投影仪,CAT01,C046,S1,二、双休为主,
P101,北方华创半导体设备,CAT24,C047,S1,二、双休为主,B2B设备
P102,豪威图像传感器,CAT24,C048,S1,二、双休为主,B2B器件
P103,天马显示屏,CAT25,C049,S1,二、双休为主,B2B器件
P104,元气森林气泡水,CAT03,C050,S1,二、双休为主,
P105,外星人电解质水,CAT03,C050,S1,二、双休为主,
P106,燃茶,CAT03,C050,S1,二、双休为主,
P107,金典牛奶,CAT05,C051,S1,二、双休为主,
P108,安慕希,CAT05,C051,S1,二、双休为主,
P109,巧乐兹,CAT04,C051,S1,二、双休为主,
P110,统一老坛酸菜面,CAT03,C052,S1,二、双休为主,
P111,阿萨姆奶茶,CAT03,C052,S1,二、双休为主,
P112,小茗同学,CAT03,C052,S1,二、双休为主,
P113,可口可乐,CAT03,C053,S1,二、双休为主,
P114,雪碧,CAT03,C053,S1,二、双休为主,
P115,美汁源,CAT03,C053,S1,二、双休为主,
P116,COSTA 咖啡,CAT06,C053,S1,二、双休为主,
P117,百事可乐,CAT03,C054,S1,二、双休为主,
P118,乐事薯片,CAT04,C054,S1,二、双休为主,
P119,佳得乐,CAT03,C054,S1,二、双休为主,
P120,桂格燕麦,CAT03,C054,S1,二、双休为主,
P121,洽洽瓜子,CAT04,C055,S1,二、双休为主,
P122,小黄袋每日坚果,CAT04,C055,S1,二、双休为主,
P123,良品铺子零食,CAT04,C056,S1,二、双休为主,
P124,莫斯利安,CAT05,C057,S1,二、双休为主,
P125,优倍,CAT05,C057,S1,二、双休为主,
P126,瑞幸生椰拿铁,CAT06,C058,S1,二、双休为主,
P127,星巴克咖啡,CAT06,C059,S1,二、双休为主,
P128,麦当劳餐食,CAT07,C060,S1,二、双休为主,
P129,珀莱雅护肤,CAT08,C061,S1,二、双休为主,
P130,彩棠,CAT08,C061,S1,二、双休为主,子品牌
P131,蓝月亮洗衣液,CAT09,C062,S1,二、双休为主,
P132,立白洗衣液,CAT09,C063,S1,二、双休为主,
P133,好爸爸,CAT09,C063,S1,二、双休为主,子品牌
P134,六神,CAT09,C064,S1,二、双休为主,
P135,佰草集,CAT08,C064,S1,二、双休为主,
P136,玉泽,CAT08,C064,S1,二、双休为主,
P137,毛戈平彩妆,CAT08,C065,S1,二、双休为主,
P138,李宁运动服饰,CAT10,C066,S1,二、双休为主,
P139,中国李宁,CAT10,C066,S1,二、双休为主,子系列
P140,361° 运动鞋服,CAT10,C067,S1,二、双休为主,
P141,森马休闲服,CAT10,C068,S1,二、双休为主,
P142,巴拉巴拉童装,CAT12,C068,S1,二、双休为主,子品牌
P143,波司登羽绒服,CAT10,C069,S1,二、双休为主,
P144,苏泊尔炊具,CAT01,C070,S1,二、双休为主,
P145,苏泊尔电饭煲,CAT01,C070,S1,二、双休为主,
P146,公牛开关插座,CAT01,C071,S1,二、双休为主,
P147,好孩子婴儿车,CAT12,C072,S1,二、双休为主,
P148,好孩子安全座椅,CAT12,C072,S1,二、双休为主,
P149,Babycare 母婴用品,CAT12,C073,S1,二、双休为主,
P150,宜家家具,CAT11,C074,S1,二、双休为主,
P151,宜家瑞典餐厅,CAT07,C074,S1,二、双休为主,
P152,慕思床垫,CAT11,C075,S1,二、双休为主,
P153,欧派定制橱柜衣柜,CAT11,C076,S1,二、双休为主,
P154,索菲亚定制衣柜,CAT11,C077,S1,二、双休为主,
P155,平安保险,CAT13,C078,S1,二、双休为主,金融产品/服务
P156,中国人寿保险,CAT13,C079,S1,二、双休为主,金融产品/服务
P157,东方财富/天天基金,CAT13,C080,S1,二、双休为主,金融产品/服务
P158,华泰证券交易服务,CAT13,C081,S1,二、双休为主,金融产品/服务
P159,银联卡,CAT13,C082,S1,二、双休为主,金融产品/服务
P160,微信支付,CAT18,C083,S1,二、双休为主,金融科技服务
P161,招商银行零售业务,CAT13,C084,S1,二、双休为主,金融产品/服务，双休存疑
P162,恒瑞创新药,CAT14,C085,S1,二、双休为主,
P163,云南白药气雾剂,CAT14,C086,S1,二、双休为主,
P164,云南白药牙膏,CAT09,C086,S1,二、双休为主,
P165,同仁堂中成药,CAT14,C087,S1,二、双休为主,
P166,片仔癀,CAT14,C088,S1,二、双休为主,
P167,白云山中成药,CAT14,C089,S1,二、双休为主,
P168,国药控股药品分销,CAT14,C090,S1,二、双休为主,流通服务
P169,九州通药品分销,CAT14,C091,S1,二、双休为主,流通服务
P170,尚世休杉媒体营销服务,CAT26,C092,S4,企业名单表,服务
P171,仟人饮料,CAT22,C093,S4,企业名单表,
P172,星巴克即饮咖啡,CAT22,C094,S4,企业名单表,
P173,品胜充电宝,CAT02,C095,S4,企业名单表,
P174,品胜数码配件,CAT02,C095,S4,企业名单表,
P175,花再音频设备,CAT02,C096,S4,企业名单表,
P176,东海药业卫浴产品,CAT11,C097,S4,企业名单表,名称与产品不符，存疑
P177,IQAir 空气净化器,CAT01,C098,S4,企业名单表,
P178,PLAYMOBIL 儿童玩具,CAT12,C099,S4,企业名单表,
P179,可柔洗护个护,CAT09,C100,S4,企业名单表,
P180,味事达酱油,CAT23,C101,S4,企业名单表,
P181,陆喜依刺梨汁,CAT03,C102,S2,企业自晒双休制,
